--[Warning]---------------------------
--                                     --
-- There is enough to execute ONCE!!!     --
--                                     --
--------------------------------------
USE QALIGHT

IF EXISTS (SELECT * FROM SYSOBJECTS O WHERE O.NAME = 'UNIVERSITIES' AND O.XTYPE = 'U') AND 0=(SELECT COUNT(1) FROM UNIVERSITIES)
BEGIN
    INSERT INTO UNIVERSITIES (ID, NAME, RATING, CITY) 
    VALUES  (1,  N'КПИ',   1257, N'Киев'),
            (2,  N'КНУ',    608, N'Киев'),
            (3,  N'ЛПУ',    593, N'Львов'),
            (4,  N'КМА',    588, N'Киев'),
            (5,  N'ЛГУ',    556, N'Львов'),
            (6,  N'ХАИ',    534, N'Харьков'),
            (7,  N'ДПИ',    529, N'Днепр'),
            (8,  N'ДНТУ',   501, N'Донецк'),
            (9,  N'ХНАДУ',  500, N'Харьков'),
            (10, N'ОНПУ',   496, N'Одесса'),
            (11, N'КНУСА',  483, N'Киев'),
            (12, N'ТНТУ',   441, N'Тернополь'),
            (13, N'ЗДИА',   427, N'Запорожье'),
            (14, N'БНАУ',   399, N'Белая Церковь'),
            (15, N'ХСХА',    45, N'Херсон');
END;

IF EXISTS (SELECT * FROM SYSOBJECTS O WHERE O.NAME = 'STUDENTS' AND O.XTYPE = 'U') AND 0=(SELECT COUNT(1) FROM STUDENTS)
BEGIN
    INSERT INTO STUDENTS (ID,SURNAME,NAME,GENDER,STIPEND,COURSE,CITY,BIRTHDAY,UNIV_ID) 
        VALUES (1,  N'Кабанов' ,    N'Виталий' ,  N'm', 550, 4,  N'Харьков' ,       CONVERT(DATETIME, N'1990.12.01', 101) , 2),
               (2,  N'Павленко' ,   N'Игорь' ,    N'm', 600, 1,  N'Киев' ,          CONVERT(DATETIME, N'1993.06.21', 101) , 5),
               (3,  N'Цилюрик' ,    N'Тимофей' ,  N'm', 600, 4,  N'Херсон' ,        CONVERT(DATETIME, N'1990.11.05', 101) , 3),
               (4,  N'Козьменко' ,  N'Игнат' ,    N'm', 500, 1,  N'Киев' ,          CONVERT(DATETIME, N'1994.04.26', 101) , 6),
               (5,  N'Ориненко' ,   N'Анатолий' , N'm', 450, 4,  N'Львов' ,         CONVERT(DATETIME, N'1990.09.08', 101) , 4),
               (6,  N'Березовский', N'Роман' ,    N'm', 750, 2,  N'Киев' ,          CONVERT(DATETIME, N'1992.03.09', 101) , 1),
               (7,  N'Пименчук' ,   N'Дмитрий' ,  N'm', 800, 1,  N'Харьков' ,       CONVERT(DATETIME, N'1992.11.20', 101) , 2),
               (8,  N'Шуст' ,       N'Марина' ,   N'f', 750, 1,  N'Херсон' ,        CONVERT(DATETIME, N'1993.04.21', 101) , 3),
               (9,  N'Печальнова' , N'Алина' ,    N'f', 500, 2,  N'Киев' ,          CONVERT(DATETIME, N'1993.02.25', 101) , 6),
               (10, N'Денисенко' ,  N'Марк' ,     N'm', 500, 3,  N'Киев' ,          CONVERT(DATETIME, N'1993.06.07', 101) , 1),
               (11, N'Корсунская' , N'Вера' ,     N'f', 650, 2,  N'Ровно' ,         CONVERT(DATETIME, N'1992.07.11', 101) , null),
               (12, N'Чайка' ,      N'Ольга' ,    N'f', 550, 5,  N'Киев' ,          CONVERT(DATETIME, N'1990.12.30', 101) , 5),
               (13, N'Кожушко' ,    N'Кристина' , N'f', 650, 3,  N'Львов' ,         CONVERT(DATETIME, N'1991.03.18', 101) , 4),
               (14, N'Федосеева' ,  N'Нина' ,     N'f', 750, 2,  N'Днепр', 			CONVERT(DATETIME, N'1992.05.22', 101) , 7),
               (15, N'Тарара' ,     N'Леонид' ,   N'm', 900, 4,  N'Киев' ,          CONVERT(DATETIME, N'1991.05.04', 101) , 6),
               (16, N'Земляний' ,   N'Данил' ,    N'm', 550, 5,  N'Львов' ,         CONVERT(DATETIME, N'1988.03.06', 101) , 4),
               (17, N'Осипуков' ,   N'Виталий' ,  N'm', 500, 1,  N'Днепр', 			CONVERT(DATETIME, N'1993.08.10', 101) , 7),
               (18, N'Зевцов' ,     N'Андрей' ,   N'm', 650, 3,  N'Львов' ,         CONVERT(DATETIME, N'1991.10.24', 101) , 4),
               (19, N'Бородюк' ,    N'Никита' ,   N'm', 650, 2,  N'Киев' ,          CONVERT(DATETIME, N'1990.08.30', 101) , 6),
               (20, N'Миланивская', N'Ольга' ,    N'f', 750, 5,  N'Киев' ,          CONVERT(DATETIME, N'1989.10.22', 101) , 5),
               (21, N'Запорожец',   N'Владимир' , N'm', 750, 5,  N'Львов' ,         null , 5),
               (22, N'Саенко',      N'Сергей',    N'm', 950, 1,  N'Полтава',        CONVERT(DATETIME, N'1993-04-17', 101), 9),
               (23, N'Коваленко',   N'Дмитрий',   N'm', 650, 1,  N'Хмельницкий',    CONVERT(DATETIME, N'1993-07-28', 101), 7),
               (24, N'Маруга',      N'Ольга',     N'f', 850, 4,  N'Севастополь',    CONVERT(DATETIME, N'1990-08-03', 101), 4),
               (25, N'Михайловская',N'Светлана',  N'f', 600, 2,  N'Винница',        CONVERT(DATETIME, N'1992-11-18', 101), 13),
               (26, N'Кораблев',    N'Станислав', N'm', 750, 2,  N'Горловка',       CONVERT(DATETIME, N'1992-05-04', 101), 12),
               (27, N'Бородавко',   N'Михаил',    N'm', 750, 5,  N'Кременчуг',      CONVERT(DATETIME, N'1989-01-03', 101), 2),
               (28, N'Литвин',      N'Олег',      N'm', 450, 3,  N'Ровно',          CONVERT(DATETIME, N'1991-06-10', 101), 14),
               (29, N'Завакевич',   N'Василий',   N'm', 800, 4,  N'Мариуполь',      CONVERT(DATETIME, N'1990-11-13', 101), 1),
               (30, N'Забила',      N'Алексей',   N'm', 450, 3,  N'Киев',           CONVERT(DATETIME, N'1991-06-21', 101), 13),
               (31, N'Залыева',     N'Фатима',    N'f', 650, 4,  N'Горловка',       CONVERT(DATETIME, N'1990-05-18', 101), 3),
               (32, N'Мироненко',   N'Евгений',   N'm', 450, 2,  N'Белая Церковь',  CONVERT(DATETIME, N'1992-09-01', 101), 14),
               (33, N'Шелест',      N'Юрий',      N'm', 450, 2,  N'Киев',           CONVERT(DATETIME, N'1992-11-08', 101), 4),
               (34, N'Сабатовская', N'Ирина',     N'f', 650, 4,  N'Одесса',         CONVERT(DATETIME, N'1990-02-14', 101), 11),
               (35, N'Ремезов',     N'Трофим',    N'm', 600, 3,  N'Киев',           CONVERT(DATETIME, N'1991-07-24', 101), 8),
               (36, N'Винник',      N'Артур',     N'm', 500, 4,  N'Ивано-Франковск',CONVERT(DATETIME, N'1990-03-04', 101), 8),
               (37, N'Запорожец',   N'Виталий',   N'm', 350, 5,  N'Луцк',           CONVERT(DATETIME, N'1989-02-28', 101), 13),
               (38, N'Наталич',     N'Вадим',     N'm', 600, 3,  N'Макеевка',       CONVERT(DATETIME, N'1991-05-09', 101), 6),
               (39, N'Богацкий',    N'Дмитрий',   N'm', 350, 5,  N'Черновцы',       CONVERT(DATETIME, N'1989-10-12', 101), 12),
               (40, N'Кот',         N'Екатерина', N'f', 700, 3,  N'Киев',           CONVERT(DATETIME, N'1991-04-05', 101), 14),
               (41, N'Денисюк',     N'Данил',     N'm', 350, 4,  N'Херсон',         CONVERT(DATETIME, N'1990-01-26', 101), 2),
               (42, N'Гладкий',     N'Денис',     N'm', 450, 4,  N'Ровно',          CONVERT(DATETIME, N'1990-12-20', 101), 13),
               (43, N'Рубцова',     N'Евгения',   N'f', 600, 3,  N'Донецк',         CONVERT(DATETIME, N'1991-10-10', 101), 11),
               (44, N'Гузенко',     N'Александра',N'f', 500, 1,  N'Ровно',          CONVERT(DATETIME, N'1993-11-09', 101), 8),
               (45, N'Рудавский',   N'Игорь',     N'm', 500, 4,  N'Винница',        CONVERT(DATETIME, N'1990-10-23', 101), 2);
END;


IF EXISTS (SELECT * FROM SYSOBJECTS O WHERE O.NAME = 'LECTURERS' AND O.XTYPE = 'U') AND 0=(SELECT COUNT(1) FROM LECTURERS)
BEGIN
    INSERT INTO LECTURERS (ID,SURNAME,NAME,CITY,UNIV_ID) 
        VALUES (1,  N'Кравчук',    N'ЛИ',    N'Днепр', 7),
               (2,  N'Совва',      N'СС',    N'Днепр', 7),
               (3,  N'Телегин',    N'ВИ',    N'Харьков',        2),
               (4,  N'Осипова',    N'ОВ',    N'Львов',          4),
               (5,  N'Коцюба',     N'ВС',    N'Киев',           6),
               (6,  N'Цыганок',    N'ОЮ',    N'Киев',           5),
               (7,  N'Михно',      N'СП',    N'Херсон',         3),
               (8,  N'Синозацкий', N'АЮ',    N'Львов',          4),
               (9,  N'Хижна',      N'ЛЛ',    N'Киев',           1),
               (10, N'Довженко',   N'ЛВ',    N'Киев',           5),
               (11, N'Вовчок',     N'ДВ',    N'Киев',           1),
               (12, N'Мельник',    N'СФ',    N'Херсон',         3),
               (13, N'Нетяга',     N'ПМ',    N'Киев',           5),
               (14, N'Сулимова',   N'ИИ',    N'Харьков',        2),
               (15, N'Волосевич',  N'ОЮ',    N'Киев',           6),
               (16, N'Гинзбург',   N'БИ',    N'Киев ',          14),
               (17, N'Мороз',      N'ВО',    N'Львов ',         3),
               (18, N'Красикова',  N'ЖА',    N'Запорожье ',     2),
               (19, N'Галаненко',  N'ДВ',    N'Львов ',         5),
               (20, N'Вдовиченко', N'АИ',    N'Луцк ',          12),
               (21, N'Булыгина',   N'ЛО',    N'Луганск ',       4),
               (22, N'Залозная',   N'ГМ',    N'Симферополь ',   14),
               (23, N'Резниченко', N'ИВ',    N'Чернигов ',      15),
               (24, N'Гуголь',     N'НЯ',    N'Полтава ',       13),
               (25, N'Тетерятник', N'СИ',    N'Ровно ',         6);
END;

IF EXISTS (SELECT * FROM SYSOBJECTS O WHERE O.NAME = 'SUBJECTS' AND O.XTYPE = 'U') AND 0=(SELECT COUNT(1) FROM SUBJECTS)
BEGIN
    INSERT INTO SUBJECTS (ID,NAME,HOURS,SEMESTER) 
        VALUES (1, N'Информатика',   34, 1),
               (2, N'Физика',        34, 1),
               (3, N'Математика',    56, 2),
               (4, N'Философия',     34, 4),
               (5, N'Английский',    56, 3),
               (6, N'Физкультура',   34, 5),
               (7, N'Тестирование',  90, 2);
END;

IF EXISTS (SELECT * FROM SYSOBJECTS O WHERE O.NAME = 'SUBJ_LECT' AND O.XTYPE = 'U') AND 0=(SELECT COUNT(1) FROM SUBJ_LECT)
BEGIN
    INSERT INTO SUBJ_LECT (LECTURER_ID,SUBJ_ID) 
        VALUES (1,6),
               (2,5),
               (3,1),
               (4,2),
               (5,3),
               (6,2),
               (7,3),
               (8,3),
               (9,5),
               (10,3),
               (11,3),
               (12,6),
               (13,4),
               (14,6),
               (15,4),
               (16,1),
               (17,2),
               (18,4),
               (19,5),
               (20,6),
               (21,4),
               (22,4),
               (23,2),
               (24,1),
               (25,5);
END;

IF EXISTS (SELECT * FROM SYSOBJECTS O WHERE O.NAME = 'EXAM_MARKS' AND O.XTYPE = 'U') AND 0=(SELECT COUNT(1) FROM EXAM_MARKS)
BEGIN
    INSERT INTO EXAM_MARKS (STUDENT_ID,SUBJ_ID,MARK,EXAM_DATE) 
        VALUES (1, 5, 2, CONVERT(DATETIME, N'2012-06-03', 101)),
               (2, 2, 3, CONVERT(DATETIME, N'2012-06-05', 101)),
               (2, 5, 4, CONVERT(DATETIME, N'2012-06-26', 101)),
               (2, 6, 4, CONVERT(DATETIME, N'2012-06-10', 101)),
               (3, 5, 2, CONVERT(DATETIME, N'2012-06-09', 101)),
               (3, 3, 4, CONVERT(DATETIME, N'2012-06-25', 101)),
               (3, 4, 3, CONVERT(DATETIME, N'2012-06-08', 101)),
               (3, 5, 5, CONVERT(DATETIME, N'2012-06-10', 101)),
               (4, 2, 5, CONVERT(DATETIME, N'2012-06-18', 101)),
               (4, 4, 5, CONVERT(DATETIME, N'2012-06-08', 101)),
               (4, 5, 5, CONVERT(DATETIME, N'2012-06-07', 101)),
               (5, 1, 4, CONVERT(DATETIME, N'2012-06-27', 101)),
               (5, 2, 4, CONVERT(DATETIME, N'2012-06-08', 101)),
               (5, 3, 4, CONVERT(DATETIME, N'2012-06-29', 101)),
               (5, 6, 4, CONVERT(DATETIME, N'2012-06-03', 101)),
               (7, 4, 3, CONVERT(DATETIME, N'2012-06-07', 101)),
               (7, 7, 5, CONVERT(DATETIME, N'2012-06-03', 101)),
               (8, 1, 4, CONVERT(DATETIME, N'2012-06-19', 101)),
               (8, 3, 2, CONVERT(DATETIME, N'2012-06-12', 101)),
               (8, 5, 3, CONVERT(DATETIME, N'2012-06-07', 101)),
               (9, 2, 5, CONVERT(DATETIME, N'2012-06-22', 101)),
               (10, 1, 4, CONVERT(DATETIME, N'2012-06-20', 101)),
               (10, 3, 4, CONVERT(DATETIME, N'2012-06-09', 101)),
               (11, 2, 4, CONVERT(DATETIME, N'2012-06-20', 101)),
               (11, 5, 4, CONVERT(DATETIME, N'2012-06-05', 101)),
               (11, 6, 2, CONVERT(DATETIME, N'2012-06-10', 101)),
               (12, 3, 4, CONVERT(DATETIME, N'2012-06-08', 101)),
               (13, 1, 2, CONVERT(DATETIME, N'2012-06-13', 101)),
               (13, 2, 4, CONVERT(DATETIME, N'2012-06-21', 101)),
               (13, 3, 2, CONVERT(DATETIME, N'2012-06-14', 101)),
               (13, 5, 3, CONVERT(DATETIME, N'2012-06-28', 101)),
               (14, 1, 3, CONVERT(DATETIME, N'2012-07-01', 101)),
               (14, 3, 2, CONVERT(DATETIME, N'2012-06-03', 101)),
               (14, 2, 3, CONVERT(DATETIME, N'2012-06-12', 101)),
               (14, 4, 4, CONVERT(DATETIME, N'2012-06-08', 101)),
               (14, 5, 3, CONVERT(DATETIME, N'2012-06-26', 101)),
               (14, 3, 4, CONVERT(DATETIME, N'2012-06-05', 101)),
               (15, 7, 2, CONVERT(DATETIME, N'2012-06-12', 101)),
               (15, 5, 3, CONVERT(DATETIME, N'2012-06-15', 101)),
               (15, 3, 3, CONVERT(DATETIME, N'2012-06-14', 101)),
               (15, 4, 5, CONVERT(DATETIME, N'2012-06-08', 101)),
               (15, 5, 2, CONVERT(DATETIME, N'2012-06-06', 101)),
               (15, 6, 3, CONVERT(DATETIME, N'2012-06-22', 101)),
               (16, 1, 4, CONVERT(DATETIME, N'2012-06-07', 101)),
               (16, 3, 4, CONVERT(DATETIME, N'2012-06-12', 101)),
               (16, 5, 2, CONVERT(DATETIME, N'2012-06-09', 101)),
               (18, 2, 3, CONVERT(DATETIME, N'2012-06-27', 101)),
               (18, 3, 4, CONVERT(DATETIME, N'2012-06-06', 101)),
               (18, 5, 4, CONVERT(DATETIME, N'2012-06-20', 101)),
               (19, 2, 3, CONVERT(DATETIME, N'2012-06-06', 101)),
               (19, 3, 5, CONVERT(DATETIME, N'2012-06-20', 101)),
               (20, 2, 2, CONVERT(DATETIME, N'2012-06-26', 101)),
               (20, 3, 4, CONVERT(DATETIME, N'2012-06-16', 101)),
               (20, 4, 3, CONVERT(DATETIME, N'2012-06-08', 101)),
               (20, 6, 3, CONVERT(DATETIME, N'2012-06-14', 101)),
               (21, 2, 4, CONVERT(DATETIME, N'2012-06-26', 101)),
               (21, 3, 4, CONVERT(DATETIME, N'2012-06-18', 101)),
               (21, 4, 4, CONVERT(DATETIME, N'2012-06-09', 101)),
               (21, 5, 3, CONVERT(DATETIME, N'2012-06-13', 101)),
               (21, 6, 2, CONVERT(DATETIME, N'2012-06-03', 101)),
               (22, 1, 2, CONVERT(DATETIME, N'2012-06-23', 101)),
               (22, 4, 3, CONVERT(DATETIME, N'2012-06-06', 101)),
               (22, 7, 3, CONVERT(DATETIME, N'2012-06-24', 101)),
               (23, 3, 4, CONVERT(DATETIME, N'2012-06-06', 101)),
               (23, 4, 5, CONVERT(DATETIME, N'2012-06-29', 101)),
               (23, 5, 5, CONVERT(DATETIME, N'2012-06-11', 101)),
               (24, 1, 2, CONVERT(DATETIME, N'2012-06-19', 101)),
               (24, 5, 3, CONVERT(DATETIME, N'2012-06-09', 101)),
               (25, 1, 4, CONVERT(DATETIME, N'2012-06-29', 101)),
               (25, 2, 2, CONVERT(DATETIME, N'2012-06-07', 101)),
               (25, 4, 5, CONVERT(DATETIME, N'2012-06-08', 101)),
               (25, 5, 4, CONVERT(DATETIME, N'2012-06-24', 101)),
               (27, 2, 4, CONVERT(DATETIME, N'2012-06-23', 101)),
               (27, 4, 4, CONVERT(DATETIME, N'2012-06-09', 101)),
               (27, 5, 5, CONVERT(DATETIME, N'2012-06-06', 101)),
               (28, 1, 4, CONVERT(DATETIME, N'2012-06-04', 101)),
               (28, 2, 4, CONVERT(DATETIME, N'2012-06-19', 101)),
               (28, 3, 4, CONVERT(DATETIME, N'2012-06-05', 101)),
               (28, 5, 3, CONVERT(DATETIME, N'2012-06-16', 101)),
               (29, 1, 5, CONVERT(DATETIME, N'2012-06-14', 101)),
               (29, 3, 4, CONVERT(DATETIME, N'2012-06-08', 101)),
               (29, 4, 4, CONVERT(DATETIME, N'2012-06-09', 101)),
               (30, 1, 5, CONVERT(DATETIME, N'2012-06-24', 101)),
               (30, 2, 5, CONVERT(DATETIME, N'2012-06-14', 101)),
               (31, 4, 4, CONVERT(DATETIME, N'2012-06-09', 101)),
               (32, 1, 2, CONVERT(DATETIME, N'2012-06-11', 101)),
               (32, 5, 2, CONVERT(DATETIME, N'2012-06-17', 101)),
               (33, 2, 5, CONVERT(DATETIME, N'2012-06-16', 101)),
               (33, 3, 2, CONVERT(DATETIME, N'2012-06-12', 101)),
               (33, 5, 2, CONVERT(DATETIME, N'2012-06-06', 101)),
               (34, 1, 4, CONVERT(DATETIME, N'2012-06-22', 101)),
               (34, 2, 4, CONVERT(DATETIME, N'2012-06-19', 101)),
               (34, 3, 2, CONVERT(DATETIME, N'2012-06-03', 101)),
               (34, 4, 3, CONVERT(DATETIME, N'2012-06-17', 101)),
               (34, 3, 5, CONVERT(DATETIME, N'2012-06-19', 101)),
               (35, 1, 5, CONVERT(DATETIME, N'2012-06-07', 101)),
               (35, 2, 5, CONVERT(DATETIME, N'2012-06-30', 101)),
               (35, 3, 5, CONVERT(DATETIME, N'2012-06-20', 101)),
               (35, 5, 4, CONVERT(DATETIME, N'2012-06-23', 101)),
               (36, 2, 3, CONVERT(DATETIME, N'2012-06-22', 101)),
               (36, 3, 3, CONVERT(DATETIME, N'2012-06-10', 101)),
               (36, 6, 3, CONVERT(DATETIME, N'2012-06-26', 101)),
               (37, 3, 4, CONVERT(DATETIME, N'2012-06-21', 101)),
               (38, 3, 4, CONVERT(DATETIME, N'2012-06-19', 101)),
               (38, 5, 3, CONVERT(DATETIME, N'2012-06-15', 101)),
               (39, 2, 2, CONVERT(DATETIME, N'2012-06-14', 101)),
               (39, 4, 4, CONVERT(DATETIME, N'2012-06-27', 101)),
               (39, 6, 4, CONVERT(DATETIME, N'2012-06-05', 101)),
               (40, 1, 5, CONVERT(DATETIME, N'2012-06-21', 101)),
               (40, 2, 5, CONVERT(DATETIME, N'2012-06-18', 101)),
               (40, 3, 4, CONVERT(DATETIME, N'2012-06-16', 101)),
               (41, 3, 4, CONVERT(DATETIME, N'2012-07-01', 101)),
               (42, 1, 5, CONVERT(DATETIME, N'2012-06-16', 101)),
               (42, 6, 3, CONVERT(DATETIME, N'2012-06-10', 101)),
               (43, 2, 3, CONVERT(DATETIME, N'2012-06-11', 101)),
               (44, 2, 2, CONVERT(DATETIME, N'2012-06-29', 101)),
               (44, 4, 4, CONVERT(DATETIME, N'2012-06-04', 101)),
               (44, 6, 4, CONVERT(DATETIME, N'2012-06-03', 101)),
               (45, 2, 3, CONVERT(DATETIME, N'2012-06-22', 101)),
               (45, 5, 3, CONVERT(DATETIME, N'2012-06-12', 101));
END;
